State,Temperature,Capital
india/Andhra-Pradesh,29 °C,Visakhapatnam
india/Arunachal-Pradesh,24 °C,Itanagar
india/Assam,24 °C,Dispur
india/Bihar,21 °C,Patna
india/Chhattisgarh,26 °C,Raipur
india/Goa,31 °C,Panaji
india/Gujarat,28 °C,Ahmedabad
india/Haryana,21 °C,Gurgaon
india/Himachal-Pradesh,20 °C,Shimla
india/Jammu,16 °C,Sunny.
india/Jharkhand,23 °C,Ranchi
india/Karnataka,26 °C,Bengaluru
india/Kerala,32 °C,Thiruvananthapuram
india/Madhya-Pradesh,25 °C,Bhopal
india/Maharashtra,30 °C,Mumbai
india/Manipur,18 °C,Imphal
india/Meghalaya,24 °C,Shillong
india/Mizoram,24 °C,Aizawl
india/Nagaland,18 °C,Kohima
india/Odisha,26 °C,Bhubaneshwar
india/Punjab,20 °C,Ludhiana
india/Rajasthan,24 °C,Jaipur
india/Sikkim,10 °C,Gangtok
india/Tamil-Nadu,29 °C,Chennai
india/Telangana,29 °C,Hyderabad
india/Tripura,24 °C,Agartala
india/Uttarakhand,21 °C,Dehradun
india/Uttar-Pradesh,25 °C,Lucknow
india/West-Bengal,24 °C,Kolkata
india/Daman,29 °C,Sunny.
india/Lakshadweep,33 °C,Kavaratti
india/Delhi,21 °C,Sunny.
india/Puducherry,28 °C,Partly sunny.
india/Ladakh,7 °C,Leh
india/Chandigarh,21 °C,Haze.
